image_1627931524.198769.jpg,429,224
image_1627931524.327487.jpg,429,224
image_1627931524.458775.jpg,429,224
image_1627931524.586815.jpg,429,224
image_1627931524.718816.jpg,429,224
image_1627931524.870561.jpg,429,224
image_1627931524.979777.jpg,429,224
image_1627931525.10686.jpg,429,224
image_1627931525.238846.jpg,429,224
image_1627931525.366846.jpg,429,224
image_1627931525.49887.jpg,429,224
image_1627931525.626872.jpg,429,224
image_1627931525.759025.jpg,429,224
image_1627931525.886873.jpg,429,224
image_1627931526.018897.jpg,429,224
image_1627931526.146904.jpg,429,224
image_1627931526.278895.jpg,429,224
image_1627931526.406916.jpg,429,224
image_1627931526.538914.jpg,429,224
image_1627931526.666919.jpg,429,224
image_1627931526.794987.jpg,429,224
image_1627931526.926948.jpg,429,224
image_1627931527.055094.jpg,429,224
